{
  "axisProfile": [
    {
      "x": 0,
      "y": 0
    },
    {
      "x": 12.803817749023438,
      "y": 0
    },
    {
      "x": 31.970484415690102,
      "y": 5
    },
    {
      "x": 100,
      "y": 100
    }
  ]
}